{
  "intro": {
    "name": "intro",
    "action": {
      "type": "choice",
      "choices": [
        {
          "utterance": "start",
          "nextNode": "outside_the_abbey"
        },
        {
          "utterance": "help",
          "nextNode": "intro_help"
        },
        {
          "utterance": "replay",
          "nextNode": "intro"
        }
      ]
    },
    "script": "<<set $sisterAnnaCell = 0>>\n<<set $talkToSisters = 0>>\n<<set $talkToCatherina = 0>>\n<<set $talkToCecilia = 0>>\n<<set $talkToElena = 0>>\n<<set $travelToInfirmary = 0>>\n<<set $talkToValerio = 0>>\n<<set $recruitRoom = 0>>\n<<set $continueClockTower = 0>>\n<<set $checkBed = 0>>\n<<set $checkChest = 0>>\n<<set $checkWindow = 0>>\n<audio src = \"https://s3-eu-west-1.amazonaws.com/runescape/audioassets/a01_intro.mp3\" />\nAnytime you feel stuck during your adventure, just say 'help'.\nTo start a new game say 'Start'."
  },
  "intro_help": {
    "name": "intro_help",
    "action": {
      "type": "choice",
      "choices": [
        {
          "utterance": "start",
          "nextNode": "outside_the_abbey"
        },
        {
          "utterance": "help",
          "nextNode": "intro_help"
        },
        {
          "utterance": "replay",
          "nextNode": "intro"
        }
      ]
    },
    "script": "During this adventure, you are given choices about where you can go and the things you can do. Listen to your options at the end of a scene and then simply say the one you would like to perform. You will also have choices to make. If you choose poorly, you will hear this sound. Sound effect: Negative. If you choose well, you will hear this sound. Sound effect: Positive. How your adventure ends will depend on the choices you make. To replay a scene, say 'Replay'. To end the game, say 'stop' and your progress will be saved. Now, say 'start' to start a new game."
  },
  "outside_the_abbey": {
    "name": "outside_the_abbey",
    "action": {
      "type": "choice",
      "choices": [
        {
          "utterance": "yes",
          "nextNode": "will_help"
        },
        {
          "utterance": "no",
          "nextNode": "wont_help"
        },
        {
          "utterance": "help",
          "nextNode": "outside_the_abbey_help"
        },
        {
          "utterance": "replay",
          "nextNode": "outside_the_abbey"
        }
      ]
    },
    "script": "<audio src = \"https://s3-eu-west-1.amazonaws.com/runescape/audioassets/a01sc01_outside_the_abbey.mp3\" />"
  },
  "outside_the_abbey_help": {
    "name": "outside_the_abbey_help",
    "action": {
      "type": "choice",
      "choices": [
        {
          "utterance": "yes",
          "nextNode": "will_help"
        },
        {
          "utterance": "no",
          "nextNode": "wont_help"
        },
        {
          "utterance": "help",
          "nextNode": "outside_the_abbey_help"
        },
        {
          "utterance": "replay",
          "nextNode": "outside_the_abbey"
        }
      ]
    },
    "script": "Say 'yes' to help Sister Catherina, or say 'no' to refuse help."
  },
  "will_help": {
    "name": "will_help",
    "action": {
      "type": "choice",
      "choices": [
        {
          "utterance": "follow sister catherina",
          "nextNode": "office_of_abbess"
        },
        {
          "utterance": "yes",
          "nextNode": "office_of_abbess"
        },
        {
          "utterance": "help",
          "nextNode": "will_help_help"
        },
        {
          "utterance": "replay",
          "nextNode": "will_help"
        }
      ]
    },
    "script": "<audio src = \"https://s3-eu-west-1.amazonaws.com/runescape/audioassets/a01sc01_outside_the_abbey_corr.mp3\" />"
  },
  "will_help_help": {
    "name": "will_help_help",
    "action": {
      "type": "choice",
      "choices": [
        {
          "utterance": "follow sister catherina",
          "nextNode": "office_of_abbess"
        },
        {
          "utterance": "yes",
          "nextNode": "office_of_abbess"
        },
        {
          "utterance": "help",
          "nextNode": "will_help_help"
        },
        {
          "utterance": "replay",
          "nextNode": "will_help"
        }
      ]
    },
    "script": "Would you like to follow Sister Catherina?"
  },
  "wont_help": {
    "name": "wont_help",
    "action": {
      "type": "choice",
      "choices": [
        {
          "utterance": "follow sister catherina",
          "nextNode": "office_of_abbess"
        },
        {
          "utterance": "yes",
          "nextNode": "office_of_abbess"
        },
        {
          "utterance": "help",
          "nextNode": "wont_help_help"
        },
        {
          "utterance": "replay",
          "nextNode": "wont_help"
        }
      ]
    },
    "script": "<audio src = \"https://s3-eu-west-1.amazonaws.com/runescape/audioassets/a01_sc01_outside_the_abbey_incorr.mp3\" />"
  },
  "wont_help_help": {
    "name": "wont_help_help",
    "action": {
      "type": "choice",
      "choices": [
        {
          "utterance": "follow sister catherina",
          "nextNode": "office_of_abbess"
        },
        {
          "utterance": "help",
          "nextNode": "wont_help_help"
        },
        {
          "utterance": "replay",
          "nextNode": "wont_help"
        }
      ]
    },
    "script": "What do you do? You may follow Sister Catherina."
  },
  "office_of_abbess": {
    "name": "office_of_abbess",
    "action": {
      "type": "choice",
      "choices": [
        {
          "utterance": "the murder",
          "nextNode": "ask_murder"
        },
        {
          "utterance": "why is she sad",
          "nextNode": "ask_why_is_she_sad"
        },
        {
          "utterance": "help",
          "nextNode": "office_of_abbess_help"
        },
        {
          "utterance": "replay",
          "nextNode": "office_of_abbess"
        }
      ]
    },
    "script": "<audio src = \"https://s3-eu-west-1.amazonaws.com/runescape/audioassets/a01sc02_office_of_abbess.mp3\" />"
  },
  "office_of_abbess_help": {
    "name": "office_of_abbess_help",
    "action": {
      "type": "choice",
      "choices": [
        {
          "utterance": "the murder",
          "nextNode": "ask_murder"
        },
        {
          "utterance": "why is she sad",
          "nextNode": "ask_why_is_she_sad"
        },
        {
          "utterance": "help",
          "nextNode": "office_of_abbess_help"
        },
        {
          "utterance": "replay",
          "nextNode": "office_of_abbess"
        }
      ]
    },
    "script": "What do you ask her? About the murder or why she's sad?"
  },
  "ask_murder": {
    "name": "ask_murder",
    "action": {
      "type": "choice",
      "choices": [
        {
          "utterance": "sister anna cell",
          "nextNode": "sister_anna_cell"
        },
        {
          "utterance": "infirmary",
          "nextNode": "travel_to_infirmary"
        },
        {
          "utterance": "talk to sisters",
          "nextNode": "talk_to_sisters"
        },
        {
          "utterance": "ask murder help",
          "nextNode": "ask_murder_help"
        },
        {
          "utterance": "replay",
          "nextNode": "ask_murder"
        }
      ]
    },
    "script": "<audio src = \"https://s3-eu-west-1.amazonaws.com/runescape/audioassets/a01sc02_office_of_abbess_corr.mp3\" />"
  },
  "ask_murder_help": {
    "name": "ask_murder_help",
    "action": {
      "type": "choice",
      "choices": [
        {
          "utterance": "sister anna cell",
          "nextNode": "sister_anna_cell"
        },
        {
          "utterance": "infirmary",
          "nextNode": "travel_to_infirmary"
        },
        {
          "utterance": "talk to sisters",
          "nextNode": "talk_to_sisters"
        },
        {
          "utterance": "ask murder help",
          "nextNode": "ask_murder_help"
        },
        {
          "utterance": "replay",
          "nextNode": "ask_murder"
        }
      ]
    },
    "script": "Would you like to go to Anna's cell or to the infirmary or talk to the sisters?"
  },
  "ask_why_is_she_sad": {
    "name": "ask_why_is_she_sad",
    "action": {
      "type": "choice",
      "choices": [
        {
          "utterance": "the murder",
          "nextNode": "ask_murder"
        },
        {
          "utterance": "yes",
          "nextNode": "ask_murder"
        },
        {
          "utterance": "help",
          "nextNode": "ask_why_is_she_sad_help"
        },
        {
          "utterance": "replay",
          "nextNode": "ask_why_is_she_sad"
        }
      ]
    },
    "script": "<audio src = \"https://s3-eu-west-1.amazonaws.com/runescape/audioassets/a01sc02_office_of_abbess_incorr.mp3\" />"
  },
  "ask_why_is_she_sad_help": {
    "name": "ask_why_is_she_sad_help",
    "action": {
      "type": "choice",
      "choices": [
        {
          "utterance": "the details of the murder",
          "nextNode": "ask_murder"
        },
        {
          "utterance": "help",
          "nextNode": "ask_why_is_she_sad_help"
        },
        {
          "utterance": "replay",
          "nextNode": "ask_why_is_she_sad"
        }
      ]
    },
    "script": "What do you ask next? You can ask about the murder."
  },
  "travel_to_infirmary": {
    "name": "travel_to_infirmary",
    "action": {
      "type": "end_game"
    },
    "script": "<<set $travelToInfirmary = 1>>\n<audio src = \"https://s3-eu-west-1.amazonaws.com/runescape/audioassets/a01sc03_travel_to_infirmary.mp3\" />\n<<if $sisterAnnaCell is 0 and $talkToSisters is 0>>\n[[travel_to_infirmary_choice_one]]\n<<endif>>\n<<if $sisterAnnaCell is 0 and $talkToSisters is 1>>\n[[travel_to_infirmary_choice_two]]\n<<endif>>\n<<if $sisterAnnaCell is 1 and $talkToSisters is 0>>\n[[travel_to_infirmary_choice_three]]\n<<endif>>\n<<if $sisterAnnaCell is 1 and $talkToSisters is 1>>\n[[summing_up]]"
  },
  "travel_to_infirmary_choice_one": {
    "name": "travel_to_infirmary_choice_one",
    "action": {
      "type": "choice",
      "choices": [
        {
          "utterance": "go to sister anna's cell",
          "nextNode": "sister_anna_cell"
        },
        {
          "utterance": "talk to the sisters",
          "nextNode": "talk_to_sisters"
        },
        {
          "utterance": "help",
          "nextNode": "travel_to_infirmary_choice_one_help"
        },
        {
          "utterance": "replay",
          "nextNode": "travel_to_infirmary"
        }
      ]
    },
    "script": "<audio src = \"https://s3-eu-west-1.amazonaws.com/runescape/audioassets/a01sc03_travel_to_infirmary_opt01.mp3\" />"
  },
  "travel_to_infirmary_choice_one_help": {
    "name": "travel_to_infirmary_choice_one_help",
    "action": {
      "type": "choice",
      "choices": [
        {
          "utterance": "go to sister anna's cell",
          "nextNode": "sister_anna_cell"
        },
        {
          "utterance": "talk to the sisters",
          "nextNode": "talk_to_sisters"
        },
        {
          "utterance": "help",
          "nextNode": "travel_to_infirmary_choice_one_help"
        },
        {
          "utterance": "replay",
          "nextNode": "travel_to_infirmary"
        }
      ]
    },
    "script": "Where would you like to go next?\nYou can go to Sister Anna’s cell OR talk to the sisters."
  },
  "travel_to_infirmary_choice_two": {
    "name": "travel_to_infirmary_choice_two",
    "action": {
      "type": "choice",
      "choices": [
        {
          "utterance": "go to sister anna's cell",
          "nextNode": "sister_anna_cell"
        },
        {
          "utterance": "yes",
          "nextNode": "sister_anna_cell"
        },
        {
          "utterance": "help",
          "nextNode": "travel_to_infirmary_choice_two_help"
        },
        {
          "utterance": "replay",
          "nextNode": "travel_to_infirmary"
        }
      ]
    },
    "script": "<audio src = \"https://s3-eu-west-1.amazonaws.com/runescape/audioassets/a01sc03_travel_to_infirmary_opt02.mp3\" />"
  },
  "travel_to_infirmary_choice_two_help": {
    "name": "travel_to_infirmary_choice_two_help",
    "action": {
      "type": "choice",
      "choices": [
        {
          "utterance": "go to sister anna's cell",
          "nextNode": "sister_anna_cell"
        },
        {
          "utterance": "yes",
          "nextNode": "sister_anna_cell"
        },
        {
          "utterance": "help",
          "nextNode": "travel_to_infirmary_choice_two_help"
        },
        {
          "utterance": "replay",
          "nextNode": "travel_to_infirmary"
        }
      ]
    },
    "script": "You can say: go to Sister Anna’s cell or yes."
  },
  "travel_to_infirmary_choice_three": {
    "name": "travel_to_infirmary_choice_three",
    "action": {
      "type": "choice",
      "choices": [
        {
          "utterance": "talk to the sisters",
          "nextNode": "talk_to_sisters"
        },
        {
          "utterance": "yes",
          "nextNode": "talk_to_sisters"
        },
        {
          "utterance": "help",
          "nextNode": "travel_to_infirmary_choice_three_help"
        },
        {
          "utterance": "replay",
          "nextNode": "travel_to_infirmary"
        }
      ]
    },
    "script": "<audio src = \"https://s3-eu-west-1.amazonaws.com/runescape/audioassets/a01sc03_travel_to_infirmary_opt03.mp3\" />"
  },
  "travel_to_infirmary_choice_three_help": {
    "name": "travel_to_infirmary_choice_three_help",
    "action": {
      "type": "choice",
      "choices": [
        {
          "utterance": "talk to the sisters",
          "nextNode": "talk_to_sisters"
        },
        {
          "utterance": "yes",
          "nextNode": "talk_to_sisters"
        },
        {
          "utterance": "help",
          "nextNode": "travel_to_infirmary_choice_three_help"
        },
        {
          "utterance": "replay",
          "nextNode": "travel_to_infirmary"
        }
      ]
    },
    "script": "Where would you like to go next?\nYou can say talk to the sisters or yes."
  },
  "sister_anna_cell": {
    "name": "sister_anna_cell",
    "action": {
      "type": "choice",
      "choices": [
        {
          "utterance": "check the bed",
          "nextNode": "check_the_bed"
        },
        {
          "utterance": "check the window",
          "nextNode": "check_the_window"
        },
        {
          "utterance": "check the chest",
          "nextNode": "check_the_chest"
        },
        {
          "utterance": "help",
          "nextNode": "sister_anna_cell_help"
        },
        {
          "utterance": "replay",
          "nextNode": "sister_anna_cell"
        }
      ]
    },
    "script": "<<set $sisterAnnaCell = 1>>\n<audio src = \"https://s3-eu-west-1.amazonaws.com/runescape/audioassets/a01sc04_sister_anna_cell.mp3\" />"
  },
  "check_the_bed": {
    "name": "check_the_bed",
    "action": {
      "type": "end_game"
    },
    "script": "<<set $checkBed = 1>>\n<audio src = \"https://s3-eu-west-1.amazonaws.com/runescape/audioassets/a01sc05_sister_anna_cell_bed.mp3\" />\n<<if $checkWindow is 0 and $checkChest is 0>>\n[[check_the_bed_choice_one]]\n<<endif>>\n<<if $checkWindow is 0 and $checkChest is 1>>\n[[check_the_bed_choice_two]]\n<<endif>>\n<<if $checkWindow is 1 and $checkChest is 1 and $talkToSisters is 0 and $travelToInfirmary is 0>>\n[[check_the_bed_choice_three]]\n<<endif>>\n<<if $checkWindow is 1 and $checkChest is 1 and $talkToSisters is 1 and $travelToInfirmary is 0>>\n[[check_the_bed_choice_four]]\n<<endif>>\n<<if $checkWindow is 1 and $checkChest is 1 and $talkToSisters is 0 and $travelToInfirmary is 1>>\n[[check_the_bed_choice_five]]\n<<endif>>\n<<if $checkWindow is 1 and $checkChest is 0>>\n[[check_the_bed_choice_six]]\n<<endif>>\n<<if $checkWindow is 1 and $checkChest is 1 and $talkToSisters is 1 and $travelToInfirmary is 1>>\n[[summing_up]]"
  },
  "check_the_bed_choice_one": {
    "name": "check_the_bed_choice_one",
    "action": {
      "type": "choice",
      "choices": [
        {
          "utterance": "check the window",
          "nextNode": "check_the_window"
        },
        {
          "utterance": "check the chest",
          "nextNode": "check_the_chest"
        },
        {
          "utterance": "help",
          "nextNode": "check_the_bed_choice_one_help"
        },
        {
          "utterance": "replay",
          "nextNode": "check_the_bed"
        }
      ]
    },
    "script": "<audio src = \"https://s3-eu-west-1.amazonaws.com/runescape/audioassets/a01sc05_sister_anna_cell_bed_op1.mp3\" />"
  },
  "check_the_bed_choice_one_help": {
    "name": "check_the_bed_choice_one_help",
    "action": {
      "type": "choice",
      "choices": [
        {
          "utterance": "check the window",
          "nextNode": "check_the_window"
        },
        {
          "utterance": "check the chest",
          "nextNode": "check_the_chest"
        },
        {
          "utterance": "help",
          "nextNode": "check_the_bed_choice_one_help"
        },
        {
          "utterance": "replay",
          "nextNode": "check_the_bed"
        }
      ]
    },
    "script": "Would you like to check the chest or the window?"
  },
  "check_the_bed_choice_two": {
    "name": "check_the_bed_choice_two",
    "action": {
      "type": "choice",
      "choices": [
        {
          "utterance": "check the window",
          "nextNode": "check_the_window"
        },
        {
          "utterance": "yes",
          "nextNode": "check_the_window"
        },
        {
          "utterance": "help",
          "nextNode": "check_the_bed_choice_two_help"
        },
        {
          "utterance": "replay",
          "nextNode": "check_the_bed"
        }
      ]
    },
    "script": "<audio src = \"https://s3-eu-west-1.amazonaws.com/runescape/audioassets/a01sc05_sister_anna_cell_bed_op2.mp3\" />"
  },
  "check_the_bed_choice_two_help": {
    "name": "check_the_bed_choice_two_help",
    "action": {
      "type": "choice",
      "choices": [
        {
          "utterance": "check the window",
          "nextNode": "check_the_window"
        },
        {
          "utterance": "yes",
          "nextNode": "check_the_window"
        },
        {
          "utterance": "help",
          "nextNode": "check_the_bed_choice_two_help"
        },
        {
          "utterance": "replay",
          "nextNode": "check_the_bed"
        }
      ]
    },
    "script": "Would you like to check the window now?"
  },
  "check_the_bed_choice_three": {
    "name": "check_the_bed_choice_three",
    "action": {
      "type": "choice",
      "choices": [
        {
          "utterance": "talk to the sisters",
          "nextNode": "talk_to_sisters"
        },
        {
          "utterance": "go to the infirmary",
          "nextNode": "travel_to_infirmary"
        },
        {
          "utterance": "help",
          "nextNode": "check_the_bed_choice_three_help"
        },
        {
          "utterance": "replay",
          "nextNode": "check_the_bed"
        }
      ]
    },
    "script": "<audio src = \"https://s3-eu-west-1.amazonaws.com/runescape/audioassets/a01sc05_sister_anna_cell_bed_op3.mp3\" />"
  },
  "check_the_bed_choice_three_help": {
    "name": "check_the_bed_choice_three_help",
    "action": {
      "type": "choice",
      "choices": [
        {
          "utterance": "talk to the sisters",
          "nextNode": "talk_to_sisters"
        },
        {
          "utterance": "go to the infirmary",
          "nextNode": "travel_to_infirmary"
        },
        {
          "utterance": "help",
          "nextNode": "check_the_bed_choice_three_help"
        },
        {
          "utterance": "replay",
          "nextNode": "check_the_bed"
        }
      ]
    },
    "script": "It doesn’t look like anything else here is out of place. Would you like to talk to the sisters or go to the infirmary?"
  },
  "check_the_bed_choice_four": {
    "name": "check_the_bed_choice_four",
    "action": {
      "type": "choice",
      "choices": [
        {
          "utterance": "go to the infirmary",
          "nextNode": "travel_to_infirmary"
        },
        {
          "utterance": "yes",
          "nextNode": "travel_to_infirmary"
        },
        {
          "utterance": "help",
          "nextNode": "check_the_bed_choice_four_help"
        },
        {
          "utterance": "replay",
          "nextNode": "check_the_bed"
        }
      ]
    },
    "script": "<audio src = \"https://s3-eu-west-1.amazonaws.com/runescape/audioassets/a01sc05_sister_anna_cell_bed_op4.mp3\" />"
  },
  "check_the_bed_choice_four_help": {
    "name": "check_the_bed_choice_four_help",
    "action": {
      "type": "choice",
      "choices": [
        {
          "utterance": "go to the infirmary",
          "nextNode": "travel_to_infirmary"
        },
        {
          "utterance": "yes",
          "nextNode": "travel_to_infirmary"
        },
        {
          "utterance": "help",
          "nextNode": "check_the_bed_choice_four_help"
        },
        {
          "utterance": "replay",
          "nextNode": "check_the_bed"
        }
      ]
    },
    "script": "It doesn’t look like anything else here is out of place. Would you like to go to the infirmary now?"
  },
  "check_the_bed_choice_five": {
    "name": "check_the_bed_choice_five",
    "action": {
      "type": "choice",
      "choices": [
        {
          "utterance": "talk to the sisters",
          "nextNode": "talk_to_sisters"
        },
        {
          "utterance": "yes",
          "nextNode": "talk_to_sisters"
        },
        {
          "utterance": "help",
          "nextNode": "check_the_bed_choice_five_help"
        },
        {
          "utterance": "replay",
          "nextNode": "check_the_bed"
        }
      ]
    },
    "script": "<audio src = \"https://s3-eu-west-1.amazonaws.com/runescape/audioassets/a01sc05_sister_anna_cell_bed_op5.mp3\" />"
  },
  "check_the_bed_choice_five_help": {
    "name": "check_the_bed_choice_five_help",
    "action": {
      "type": "choice",
      "choices": [
        {
          "utterance": "talk to the sisters",
          "nextNode": "talk_to_sisters"
        },
        {
          "utterance": "go to the infirmary",
          "nextNode": "travel_to_infirmary"
        },
        {
          "utterance": "help",
          "nextNode": "check_the_bed_choice_five_help"
        },
        {
          "utterance": "replay",
          "nextNode": "check_the_bed"
        }
      ]
    },
    "script": "Would you like to talk to the sisters or go to the infirmary?"
  },
  "check_the_bed_choice_six": {
    "name": "check_the_bed_choice_six",
    "action": {
      "type": "choice",
      "choices": [
        {
          "utterance": "check the chest",
          "nextNode": "check_the_chest"
        },
        {
          "utterance": "help",
          "nextNode": "check_the_bed_choice_six_help"
        },
        {
          "utterance": "replay",
          "nextNode": "check_the_bed"
        }
      ]
    },
    "script": "Would you like to check the chest now?"
  },
  "check_the_bed_choice_six_help": {
    "name": "check_the_bed_choice_six_help",
    "action": {
      "type": "choice",
      "choices": [
        {
          "utterance": "check the chest",
          "nextNode": "check_the_chest"
        },
        {
          "utterance": "help",
          "nextNode": "check_the_bed_choice_six_help"
        },
        {
          "utterance": "replay",
          "nextNode": "check_the_bed"
        }
      ]
    },
    "script": "Would you like to check the chest now?"
  },
  "check_the_window": {
    "name": "check_the_window",
    "action": {
      "type": "end_game"
    },
    "script": "<<set $checkWindow = 1>>\n<audio src = \"https://s3-eu-west-1.amazonaws.com/runescape/audioassets/a01sc06_sister_anna_cell_window.mp3\" />\n<<if $checkBed is 0 and $checkChest is 0>> \n[[check_the_window_choice_one]] \n<<endif>> \n<<if $checkBed is 0 and $checkChest is 1>> \n[[check_the_window_choice_two]] \n<<endif>>\n <<if $checkBed is 1 and $checkChest is 1 and $talkToSisters is 0 and $travelToInfirmary is 0>> \n[[check_the_window_choice_three]] \n<<endif>>\n <<if $checkBed is 1 and $checkChest is 1 and $talkToSisters is 1 and $travelToInfirmary is 0>> \n[[check_the_window_choice_four]] \n<<endif>> \n<<if $checkBed is 1 and $checkChest is 1 and $talkToSisters is 0 and $travelToInfirmary is 1>> \n[[check_the_window_choice_five]]\n <<endif>> \n<<if $checkBed is 1 and $checkChest is 0>> \n[[check_the_window_choice_six]] \n<<endif>> \n<<if $checkBed is 1 and $checkChest is 1 and $talkToSisters is 1 and $travelToInfirmary is 1>> \n[[summing_up]] "
  },
  "check_the_window_choice_one": {
    "name": "check_the_window_choice_one",
    "action": {
      "type": "choice",
      "choices": [
        {
          "utterance": "check the bed",
          "nextNode": "check_the_bed"
        },
        {
          "utterance": "check the chest",
          "nextNode": "check_the_chest"
        },
        {
          "utterance": "help",
          "nextNode": "check_the_window_choice_one_help"
        },
        {
          "utterance": "replay",
          "nextNode": "check_the_window"
        }
      ]
    },
    "script": "<audio src = \"https://s3-eu-west-1.amazonaws.com/runescape/audioassets/a01sc06_sister_anna_cell_window_op1.mp3\" />"
  },
  "check_the_window_choice_one_help": {
    "name": "check_the_window_choice_one_help",
    "action": {
      "type": "choice",
      "choices": [
        {
          "utterance": "check the bed",
          "nextNode": "check_the_bed"
        },
        {
          "utterance": "check the chest",
          "nextNode": "check_the_chest"
        },
        {
          "utterance": "help",
          "nextNode": "check_the_window_choice_one_help"
        },
        {
          "utterance": "replay",
          "nextNode": "check_the_window"
        }
      ]
    },
    "script": "Would you like to check the chest or the bed?"
  },
  "check_the_window_choice_two": {
    "name": "check_the_window_choice_two",
    "action": {
      "type": "choice",
      "choices": [
        {
          "utterance": "check the bed",
          "nextNode": "check_the_bed"
        },
        {
          "utterance": "help",
          "nextNode": "check_the_window_choice_two_help"
        },
        {
          "utterance": "replay",
          "nextNode": "check_the_window"
        }
      ]
    },
    "script": "<audio src = \"https://s3-eu-west-1.amazonaws.com/runescape/audioassets/a01sc06_sister_anna_cell_window_op2.mp3\" />"
  },
  "check_the_window_choice_two_help": {
    "name": "check_the_window_choice_two_help",
    "action": {
      "type": "choice",
      "choices": [
        {
          "utterance": "check the bed",
          "nextNode": "check_the_bed"
        },
        {
          "utterance": "help",
          "nextNode": "check_the_window_choice_two_help"
        },
        {
          "utterance": "replay",
          "nextNode": "check_the_window"
        }
      ]
    },
    "script": "Would you like to check the bed now? "
  },
  "check_the_window_choice_three": {
    "name": "check_the_window_choice_three",
    "action": {
      "type": "choice",
      "choices": [
        {
          "utterance": "talk to the sisters",
          "nextNode": "talk_to_sisters"
        },
        {
          "utterance": "go to the infirmary",
          "nextNode": "travel_to_infirmary"
        },
        {
          "utterance": "help",
          "nextNode": "check_the_window_choice_three_help"
        },
        {
          "utterance": "replay",
          "nextNode": "check_the_window"
        }
      ]
    },
    "script": "<audio src = \"https://s3-eu-west-1.amazonaws.com/runescape/audioassets/a01sc06_sister_anna_cell_window_op3.mp3\" />"
  },
  "check_the_window_choice_three_help": {
    "name": "check_the_window_choice_three_help",
    "action": {
      "type": "choice",
      "choices": [
        {
          "utterance": "talk to the sisters",
          "nextNode": "talk_to_sisters"
        },
        {
          "utterance": "go to the infirmary",
          "nextNode": "travel_to_infirmary"
        },
        {
          "utterance": "help",
          "nextNode": "check_the_window_choice_three_help"
        },
        {
          "utterance": "replay",
          "nextNode": "check_the_window"
        }
      ]
    },
    "script": "It doesn’t look like anything else here is out of place. Would you like to talk to the sisters or go to the infirmary? "
  },
  "check_the_window_choice_four": {
    "name": "check_the_window_choice_four",
    "action": {
      "type": "choice",
      "choices": [
        {
          "utterance": "go to the infirmary",
          "nextNode": "travel_to_infirmary"
        },
        {
          "utterance": "help",
          "nextNode": "check_the_window_choice_four_help"
        },
        {
          "utterance": "replay",
          "nextNode": "check_the_window"
        }
      ]
    },
    "script": "<audio src = \"https://s3-eu-west-1.amazonaws.com/runescape/audioassets/a01sc06_sister_anna_cell_window_op4.mp3\" />"
  },
  "check_the_window_choice_four_help": {
    "name": "check_the_window_choice_four_help",
    "action": {
      "type": "choice",
      "choices": [
        {
          "utterance": "go to the infirmary",
          "nextNode": "travel_to_infirmary"
        },
        {
          "utterance": "help",
          "nextNode": "check_the_window_choice_four_help"
        },
        {
          "utterance": "replay",
          "nextNode": "check_the_window"
        }
      ]
    },
    "script": "It doesn’t look like anything else here is out of place. Would you like to go to the infirmary now? "
  },
  "check_the_window_choice_five": {
    "name": "check_the_window_choice_five",
    "action": {
      "type": "choice",
      "choices": [
        {
          "utterance": "talk to the sisters",
          "nextNode": "talk_to_sisters"
        },
        {
          "utterance": "help",
          "nextNode": "check_the_window_choice_five_help"
        },
        {
          "utterance": "replay",
          "nextNode": "check_the_window"
        }
      ]
    },
    "script": "<audio src = \"https://s3-eu-west-1.amazonaws.com/runescape/audioassets/a01sc06_sister_anna_cell_window_op5.mp3\" />"
  },
  "check_the_window_choice_five_help": {
    "name": "check_the_window_choice_five_help",
    "action": {
      "type": "choice",
      "choices": [
        {
          "utterance": "talk to the sisters",
          "nextNode": "talk_to_sisters"
        },
        {
          "utterance": "help",
          "nextNode": "check_the_window_choice_five_help"
        },
        {
          "utterance": "replay",
          "nextNode": "check_the_window"
        }
      ]
    },
    "script": " Would you like to talk to the sisters now?"
  },
  "check_the_window_choice_six": {
    "name": "check_the_window_choice_six",
    "action": {
      "type": "choice",
      "choices": [
        {
          "utterance": "check the chest",
          "nextNode": "check_the_chest"
        },
        {
          "utterance": "help",
          "nextNode": "check_the_window_choice_six_help"
        },
        {
          "utterance": "replay",
          "nextNode": "check_the_window"
        }
      ]
    },
    "script": "Would you like to check the chest now? "
  },
  "check_the_window_choice_six_help": {
    "name": "check_the_window_choice_six_help",
    "action": {
      "type": "choice",
      "choices": [
        {
          "utterance": "check the chest",
          "nextNode": "check_the_chest"
        },
        {
          "utterance": "help",
          "nextNode": "check_the_window_choice_six_help"
        },
        {
          "utterance": "replay",
          "nextNode": "check_the_window"
        }
      ]
    },
    "script": " Would you like to check the chest now?"
  },
  "check_the_chest": {
    "name": "check_the_chest",
    "action": {
      "type": "end_game"
    },
    "script": "<<set $checkChest = 1>>\n<audio src = \"https://s3-eu-west-1.amazonaws.com/runescape/audioassets/a01sc07_sister_anna_cell_chest.mp3\" />\n<<if $checkBed is 0 and $checkWindow is 0>> \n[[check_the_chest_choice_one]] \n<<endif>> \n<<if $checkBed is 0 and $checkWindow is 1>> \n[[check_the_chest_choice_two]] \n<<endif>>\n <<if $checkBed is 1 and $checkWindow is 1 and $talkToSisters is 0 and $travelToInfirmary is 0>> \n[[check_the_chest_choice_three]] \n<<endif>>\n <<if $checkBed is 1 and $checkWindow is 1 and $talkToSisters is 1 and $travelToInfirmary is 0>> \n[[check_the_chest_choice_four]] \n<<endif>> \n<<if $checkBed is 1 and $checkWindow is 1 and $talkToSisters is 0 and $travelToInfirmary is 1>> \n[[check_the_chest_choice_five]]\n <<endif>> \n<<if $checkBed is 1 and $checkWindow is 0>> \n[[check_the_chest_choice_six]] \n<<endif>> \n<<if $checkBed is 1 and $checkWindow is 1 and $talkToSisters is 1 and $travelToInfirmary is 1>> \n[[summing_up]] "
  },
  "check_the_chest_choice_one": {
    "name": "check_the_chest_choice_one",
    "action": {
      "type": "choice",
      "choices": [
        {
          "utterance": "check the bed",
          "nextNode": "check_the_bed"
        },
        {
          "utterance": "check the chest",
          "nextNode": "check_the_chest"
        },
        {
          "utterance": "help",
          "nextNode": "check_the_chest_choice_one_help"
        },
        {
          "utterance": "replay",
          "nextNode": "check_the_chest"
        }
      ]
    },
    "script": "<audio src = \"https://s3-eu-west-1.amazonaws.com/runescape/audioassets/a01sc07_sister_anna_cell_chest_op1.mp3\" />"
  },
  "check_the_chest_choice_one_help": {
    "name": "check_the_chest_choice_one_help",
    "action": {
      "type": "choice",
      "choices": [
        {
          "utterance": "check the bed",
          "nextNode": "check_the_bed"
        },
        {
          "utterance": "check the chest",
          "nextNode": "check_the_chest"
        },
        {
          "utterance": "help",
          "nextNode": "check_the_chest_choice_one_help"
        },
        {
          "utterance": "replay",
          "nextNode": "check_the_chest"
        }
      ]
    },
    "script": "Would you like to check the window or the bed?"
  },
  "check_the_chest_choice_two": {
    "name": "check_the_chest_choice_two",
    "action": {
      "type": "choice",
      "choices": [
        {
          "utterance": "check the bed",
          "nextNode": "check_the_bed"
        },
        {
          "utterance": "help",
          "nextNode": "check_the_chest_choice_two_help"
        },
        {
          "utterance": "replay",
          "nextNode": "check_the_chest"
        }
      ]
    },
    "script": "<audio src = \"https://s3-eu-west-1.amazonaws.com/runescape/audioassets/a01sc07_sister_anna_cell_chest_op2.mp3\" />"
  },
  "check_the_chest_choice_two_help": {
    "name": "check_the_chest_choice_two_help",
    "action": {
      "type": "choice",
      "choices": [
        {
          "utterance": "check the bed",
          "nextNode": "check_the_bed"
        },
        {
          "utterance": "help",
          "nextNode": "check_the_chest_choice_two_help"
        },
        {
          "utterance": "replay",
          "nextNode": "check_the_chest"
        }
      ]
    },
    "script": "Would you like to check the bed now? "
  },
  "check_the_chest_choice_three": {
    "name": "check_the_chest_choice_three",
    "action": {
      "type": "choice",
      "choices": [
        {
          "utterance": "talk to the sisters",
          "nextNode": "talk_to_sisters"
        },
        {
          "utterance": "go to the infirmary",
          "nextNode": "travel_to_infirmary"
        },
        {
          "utterance": "help",
          "nextNode": "check_the_chest_choice_three_help"
        },
        {
          "utterance": "replay",
          "nextNode": "check_the_chest"
        }
      ]
    },
    "script": "<audio src = \"https://s3-eu-west-1.amazonaws.com/runescape/audioassets/a01sc07_sister_anna_cell_chest_op4.mp3\" />"
  },
  "check_the_chest_choice_three_help": {
    "name": "check_the_chest_choice_three_help",
    "action": {
      "type": "choice",
      "choices": [
        {
          "utterance": "talk to the sisters",
          "nextNode": "talk_to_sisters"
        },
        {
          "utterance": "go to the infirmary",
          "nextNode": "travel_to_infirmary"
        },
        {
          "utterance": "help",
          "nextNode": "check_the_chest_choice_three_help"
        },
        {
          "utterance": "replay",
          "nextNode": "check_the_chest"
        }
      ]
    },
    "script": "It doesn’t look like anything else here is out of place. Would you like to talk to the sisters or go to the infirmary? "
  },
  "check_the_chest_choice_four": {
    "name": "check_the_chest_choice_four",
    "action": {
      "type": "choice",
      "choices": [
        {
          "utterance": "go to the infirmary",
          "nextNode": "travel_to_infirmary"
        },
        {
          "utterance": "help",
          "nextNode": "check_the_chest_choice_four_help"
        },
        {
          "utterance": "replay",
          "nextNode": "check_the_chest"
        }
      ]
    },
    "script": "<audio src = \"https://s3-eu-west-1.amazonaws.com/runescape/audioassets/a01sc07_sister_anna_cell_chest_op5.mp3\" />"
  },
  "check_the_chest_choice_four_help": {
    "name": "check_the_chest_choice_four_help",
    "action": {
      "type": "choice",
      "choices": [
        {
          "utterance": "go to the infirmary",
          "nextNode": "travel_to_infirmary"
        },
        {
          "utterance": "help",
          "nextNode": "check_the_chest_choice_four_help"
        },
        {
          "utterance": "replay",
          "nextNode": "check_the_chest"
        }
      ]
    },
    "script": "It doesn’t look like anything else here is out of place. Would you like to go to the infirmary now? "
  },
  "check_the_chest_choice_five": {
    "name": "check_the_chest_choice_five",
    "action": {
      "type": "choice",
      "choices": [
        {
          "utterance": "talk to the sisters",
          "nextNode": "talk_to_sisters"
        },
        {
          "utterance": "help",
          "nextNode": "check_the_chest_choice_five_help"
        },
        {
          "utterance": "replay",
          "nextNode": "check_the_chest"
        }
      ]
    },
    "script": "<audio src = \"https://s3-eu-west-1.amazonaws.com/runescape/audioassets/a01sc07_sister_anna_cell_chest_op6.mp3\" />"
  },
  "check_the_chest_choice_five_help": {
    "name": "check_the_chest_choice_five_help",
    "action": {
      "type": "choice",
      "choices": [
        {
          "utterance": "talk to the sisters",
          "nextNode": "talk_to_sisters"
        },
        {
          "utterance": "help",
          "nextNode": "check_the_chest_choice_five_help"
        },
        {
          "utterance": "replay",
          "nextNode": "check_the_chest"
        }
      ]
    },
    "script": " Would you like to talk to the sisters now?"
  },
  "check_the_chest_choice_six": {
    "name": "check_the_chest_choice_six",
    "action": {
      "type": "choice",
      "choices": [
        {
          "utterance": "check the chest",
          "nextNode": "check_the_chest"
        },
        {
          "utterance": "help",
          "nextNode": "check_the_chest_choice_six_help"
        },
        {
          "utterance": "replay",
          "nextNode": "check_the_chest"
        }
      ]
    },
    "script": "<audio src = \"https://s3-eu-west-1.amazonaws.com/runescape/audioassets/a01sc07_sister_anna_cell_chest_op3.mp3\" />"
  },
  "check_the_chest_choice_six_help": {
    "name": "check_the_chest_choice_six_help",
    "action": {
      "type": "choice",
      "choices": [
        {
          "utterance": "check the chest",
          "nextNode": "check_the_chest"
        },
        {
          "utterance": "help",
          "nextNode": "check_the_chest_choice_six_help"
        },
        {
          "utterance": "replay",
          "nextNode": "check_the_chest"
        }
      ]
    },
    "script": " Would you like to check the window now?"
  },
  "talk_to_sisters": {
    "name": "talk_to_sisters",
    "action": {
      "type": "choice",
      "choices": [
        {
          "utterance": "sister catherina",
          "nextNode": "talk_to_sister_catherina"
        },
        {
          "utterance": "sister cecilia",
          "nextNode": "talk_to_sister_cecilia"
        },
        {
          "utterance": "help",
          "nextNode": "talk_to_sisters_help"
        },
        {
          "utterance": "replay",
          "nextNode": "talk_to_sisters"
        }
      ]
    },
    "script": "<<set $talkToSisters = 1>>\n<audio src = \"https://s3-eu-west-1.amazonaws.com/runescape/audioassets/a01sc08_talk_to_the_sisters.mp3\" />"
  },
  "talk_to_sisters_help": {
    "name": "talk_to_sisters_help",
    "action": {
      "type": "choice",
      "choices": [
        {
          "utterance": "sister catherina",
          "nextNode": "talk_to_sister_catherina"
        },
        {
          "utterance": "sister cecilia",
          "nextNode": "talk_to_sister_cecilia"
        },
        {
          "utterance": "help",
          "nextNode": "talk_to_sisters_help"
        },
        {
          "utterance": "replay",
          "nextNode": "talk_to_sisters"
        }
      ]
    },
    "script": "Who would you care to talk to first?\nYou may choose Sister Catherina or Sister Cecilia."
  },
  "talk_to_sister_catherina": {
    "name": "talk_to_sister_catherina",
    "action": {
      "type": "choice",
      "choices": [
        {
          "utterance": "the manuscript",
          "nextNode": "the_manuscript"
        },
        {
          "utterance": "the applicant",
          "nextNode": "the_applicant"
        },
        {
          "utterance": "help",
          "nextNode": "talk_to_sister_catherina_help"
        },
        {
          "utterance": "replay",
          "nextNode": "talk_to_sister_catherina"
        }
      ]
    },
    "script": "<<set $talkToCatherina = 1>>\n<audio src = \"https://s3-eu-west-1.amazonaws.com/runescape/audioassets/a01sc09_talk_to_catherina.mp3\" />"
  },
  "talk_to_sister_catherina_help": {
    "name": "talk_to_sister_catherina_help",
    "action": {
      "type": "choice",
      "choices": [
        {
          "utterance": "the manuscript",
          "nextNode": "the_manuscript"
        },
        {
          "utterance": "the applicant",
          "nextNode": "the_applicant"
        },
        {
          "utterance": "help",
          "nextNode": "talk_to_sister_catherina_help"
        },
        {
          "utterance": "replay",
          "nextNode": "talk_to_sister_catherina"
        }
      ]
    },
    "script": "You can ask about the manuscript or the applicant."
  },
  "the_applicant": {
    "name": "the_applicant",
    "action": {
      "type": "end_game"
    },
    "script": "<audio src = \"https://s3-eu-west-1.amazonaws.com/runescape/audioassets/a01sc09_talk_to_catherina_corr.mp3\" />\n<<if $travelToInfirmary is 0 and $sisterAnnaCell is 0>>\n[[the_applicant_choice_two]]\n<<endif>>\n<<if $travelToInfirmary is 1 and $sisterAnnaCell is 0>>\n[[the_applicant_choice_three]]\n<<endif>>\n<<if $travelToInfirmary is 0 and $sisterAnnaCell is 1>>\n[[the_applicant_choice_four]]\n<<endif>>\n<<if $travelToInfirmary is 1 and $sisterAnnaCell is 1 and $talkToCecilia is 1>>\n[[summing_up]]\n<<endif>>\n<<if $talkToCecilia is 0>> \n[[the_applicant_choice_one]] "
  },
  "the_applicant_choice_one": {
    "name": "the_applicant_choice_one",
    "action": {
      "type": "choice",
      "choices": [
        {
          "utterance": "talk to cecilia",
          "nextNode": "talk_to_sister_cecilia"
        },
        {
          "utterance": "yes",
          "nextNode": "talk_to_sister_cecilia"
        },
        {
          "utterance": "help",
          "nextNode": "the_applicant_choice_one_help"
        },
        {
          "utterance": "replay",
          "nextNode": "the_applicant"
        }
      ]
    },
    "script": "<audio src = \"https://s3-eu-west-1.amazonaws.com/runescape/audioassets/a01sc09_talk_to_catherina_corr_op1.mp3\" />"
  },
  "the_applicant_choice_one_help": {
    "name": "the_applicant_choice_one_help",
    "action": {
      "type": "choice",
      "choices": [
        {
          "utterance": "talk to cecilia",
          "nextNode": "talk_to_sister_cecilia"
        },
        {
          "utterance": "yes",
          "nextNode": "talk_to_sister_cecilia"
        },
        {
          "utterance": "help",
          "nextNode": "the_applicant_choice_one_help"
        },
        {
          "utterance": "replay",
          "nextNode": "the_applicant"
        }
      ]
    },
    "script": "You can say \"talk to Sister Cecilia\" or \"yes\"."
  },
  "the_applicant_choice_two": {
    "name": "the_applicant_choice_two",
    "action": {
      "type": "choice",
      "choices": [
        {
          "utterance": "go to anna's cell",
          "nextNode": "sister_anna_cell"
        },
        {
          "utterance": "go to infirmary",
          "nextNode": "travel_to_infirmary"
        },
        {
          "utterance": "help",
          "nextNode": "the_applicant_choice_two_help"
        },
        {
          "utterance": "replay",
          "nextNode": "the_applicant"
        }
      ]
    },
    "script": "<audio src = \"https://s3-eu-west-1.amazonaws.com/runescape/audioassets/a01sc09_talk_to_catherina_corr_op2.mp3\" />"
  },
  "the_applicant_choice_two_help": {
    "name": "the_applicant_choice_two_help",
    "action": {
      "type": "choice",
      "choices": [
        {
          "utterance": "go to anna's cell",
          "nextNode": "sister_anna_cell"
        },
        {
          "utterance": "go to infirmary",
          "nextNode": "travel_to_infirmary"
        },
        {
          "utterance": "help",
          "nextNode": "the_applicant_choice_two_help"
        },
        {
          "utterance": "replay",
          "nextNode": "the_applicant"
        }
      ]
    },
    "script": "You can go to Sister Anna’s cell or go to the infirmary."
  },
  "the_applicant_choice_three": {
    "name": "the_applicant_choice_three",
    "action": {
      "type": "choice",
      "choices": [
        {
          "utterance": "go to anna's cell",
          "nextNode": "sister_anna_cell"
        },
        {
          "utterance": "yes",
          "nextNode": "sister_anna_cell"
        },
        {
          "utterance": "help",
          "nextNode": "the_applicant_choice_three_help"
        },
        {
          "utterance": "replay",
          "nextNode": "the_applicant"
        }
      ]
    },
    "script": "<audio src = \"https://s3-eu-west-1.amazonaws.com/runescape/audioassets/a01sc09_talk_to_catherina_corr_op3.mp3\" />"
  },
  "the_applicant_choice_three_help": {
    "name": "the_applicant_choice_three_help",
    "action": {
      "type": "choice",
      "choices": [
        {
          "utterance": "go to anna's cell",
          "nextNode": "sister_anna_cell"
        },
        {
          "utterance": "yes",
          "nextNode": "sister_anna_cell"
        },
        {
          "utterance": "help",
          "nextNode": "the_applicant_choice_three_help"
        },
        {
          "utterance": "replay",
          "nextNode": "the_applicant"
        }
      ]
    },
    "script": "You can say \"go to Sister Anna’s cell\" or \"yes\"."
  },
  "the_applicant_choice_four": {
    "name": "the_applicant_choice_four",
    "action": {
      "type": "choice",
      "choices": [
        {
          "utterance": "go to infirmary",
          "nextNode": "travel_to_infirmary"
        },
        {
          "utterance": "yes",
          "nextNode": "travel_to_infirmary"
        },
        {
          "utterance": "help",
          "nextNode": "the_applicant_choice_four_help"
        },
        {
          "utterance": "replay",
          "nextNode": "the_applicant"
        }
      ]
    },
    "script": "<audio src = \"https://s3-eu-west-1.amazonaws.com/runescape/audioassets/a01sc09_talk_to_catherina_corr_op4.mp3\" />"
  },
  "the_applicant_choice_four_help": {
    "name": "the_applicant_choice_four_help",
    "action": {
      "type": "choice",
      "choices": [
        {
          "utterance": "go to infirmary",
          "nextNode": "travel_to_infirmary"
        },
        {
          "utterance": "yes",
          "nextNode": "travel_to_infirmary"
        },
        {
          "utterance": "help",
          "nextNode": "the_applicant_choice_four_help"
        },
        {
          "utterance": "replay",
          "nextNode": "the_applicant"
        }
      ]
    },
    "script": "You can say \"go to the infirmary\" or \"yes\"."
  },
  "the_manuscript": {
    "name": "the_manuscript",
    "action": {
      "type": "choice",
      "choices": [
        {
          "utterance": "the applicant",
          "nextNode": "the_applicant"
        },
        {
          "utterance": "yes",
          "nextNode": "the_applicant"
        },
        {
          "utterance": "help",
          "nextNode": "the_manuscript_help"
        },
        {
          "utterance": "replay",
          "nextNode": "the_manuscript"
        }
      ]
    },
    "script": "<audio src = \"https://s3-eu-west-1.amazonaws.com/runescape/audioassets/a01sc09_talk_to_catherina_incorr.mp3\" />"
  },
  "the_manuscript_help": {
    "name": "the_manuscript_help",
    "action": {
      "type": "choice",
      "choices": [
        {
          "utterance": "the applicant",
          "nextNode": "the_applicant"
        },
        {
          "utterance": "yes",
          "nextNode": "the_applicant"
        },
        {
          "utterance": "help",
          "nextNode": "the_manuscript_help"
        },
        {
          "utterance": "replay",
          "nextNode": "the_manuscript"
        }
      ]
    },
    "script": "You can ask about the applicant or say \"yes\"."
  },
  "talk_to_sister_cecilia": {
    "name": "talk_to_sister_cecilia",
    "action": {
      "type": "choice",
      "choices": [
        {
          "utterance": "story",
          "nextNode": "the_story"
        },
        {
          "utterance": "music",
          "nextNode": "the_musical_chords"
        },
        {
          "utterance": "help",
          "nextNode": "talk_to_sister_cecilia_help"
        },
        {
          "utterance": "replay",
          "nextNode": "talk_to_sister_cecilia"
        }
      ]
    },
    "script": "<<set $talkToCecilia = 1>>\n<audio src = \"https://s3-eu-west-1.amazonaws.com/runescape/audioassets/a01sc10_talk_to_cecilia.mp3\" />"
  },
  "talk_to_sister_cecilia_help": {
    "name": "talk_to_sister_cecilia_help",
    "action": {
      "type": "choice",
      "choices": [
        {
          "utterance": "story",
          "nextNode": "the_story"
        },
        {
          "utterance": "music",
          "nextNode": "the_musical_chords"
        },
        {
          "utterance": "help",
          "nextNode": "talk_to_sister_cecilia_help"
        },
        {
          "utterance": "replay",
          "nextNode": "talk_to_sister_cecilia"
        }
      ]
    },
    "script": "What do you ask about? The story, or, the music?"
  },
  "the_story": {
    "name": "the_story",
    "action": {
      "type": "end_game"
    },
    "script": "<audio src = \"https://s3-eu-west-1.amazonaws.com/runescape/audioassets/a01sc10_talk_to_cecilia_corr.mp3\" />\n<<if $travelToInfirmary is 0 and $sisterAnnaCell is 0>>\n[[the_story_choice_two]]\n<<endif>>\n<<if $travelToInfirmary is 1 and $sisterAnnaCell is 0>>\n[[the_story_choice_three]]\n<<endif>>\n<<if $travelToInfirmary is 0 and $sisterAnnaCell is 1>>\n[[the_story_choice_four]]\n<<endif>>\n<<if $travelToInfirmary is 1 and $sisterAnnaCell is 1 and $talkToCatherina is 1>>\n[[summing_up]]\n<<endif>>\n<<if $talkToCatherina is 0>>\n[[the_story_choice_one]]"
  },
  "the_story_choice_one": {
    "name": "the_story_choice_one",
    "action": {
      "type": "choice",
      "choices": [
        {
          "utterance": "yes",
          "nextNode": "talk_to_sister_catherina"
        },
        {
          "utterance": "talk to catherina",
          "nextNode": "talk_to_sister_catherina"
        },
        {
          "utterance": "help",
          "nextNode": "the_story_choice_one_help"
        },
        {
          "utterance": "replay",
          "nextNode": "the_story"
        }
      ]
    },
    "script": "<audio src = \"https://s3-eu-west-1.amazonaws.com/runescape/audioassets/a01sc10_talk_to_cecilia_corr_op1.mp3\" />"
  },
  "the_story_choice_one_help": {
    "name": "the_story_choice_one_help",
    "action": {
      "type": "choice",
      "choices": [
        {
          "utterance": "yes",
          "nextNode": "talk_to_sister_catherina"
        },
        {
          "utterance": "talk to catherina",
          "nextNode": "talk_to_sister_catherina"
        },
        {
          "utterance": "help",
          "nextNode": "the_story_choice_one_help"
        },
        {
          "utterance": "replay",
          "nextNode": "the_story"
        }
      ]
    },
    "script": "You can say \"talk to Sister Catherina\" or \"yes\"."
  },
  "the_story_choice_two": {
    "name": "the_story_choice_two",
    "action": {
      "type": "choice",
      "choices": [
        {
          "utterance": "go to anna's cell",
          "nextNode": "sister_anna_cell"
        },
        {
          "utterance": "go to infirmary",
          "nextNode": "travel_to_infirmary"
        },
        {
          "utterance": "help",
          "nextNode": "the_story_choice_two_help"
        },
        {
          "utterance": "replay",
          "nextNode": "the_story"
        }
      ]
    },
    "script": "<audio src = \"https://s3-eu-west-1.amazonaws.com/runescape/audioassets/a01sc10_talk_to_cecilia_corr_op2.mp3\" />"
  },
  "the_story_choice_two_help": {
    "name": "the_story_choice_two_help",
    "action": {
      "type": "choice",
      "choices": [
        {
          "utterance": "go to anna's cell",
          "nextNode": "sister_anna_cell"
        },
        {
          "utterance": "go to infirmary",
          "nextNode": "travel_to_infirmary"
        },
        {
          "utterance": "help",
          "nextNode": "the_story_choice_two_help"
        },
        {
          "utterance": "replay",
          "nextNode": "the_story"
        }
      ]
    },
    "script": "You can go to Sister Anna’s cell or go to the infirmary."
  },
  "the_story_choice_three": {
    "name": "the_story_choice_three",
    "action": {
      "type": "choice",
      "choices": [
        {
          "utterance": "yes",
          "nextNode": "sister_anna_cell"
        },
        {
          "utterance": "help",
          "nextNode": "the_story_choice_three_help"
        },
        {
          "utterance": "go to sister anna's cell",
          "nextNode": "sister_anna_cell"
        },
        {
          "utterance": "replay",
          "nextNode": "the_story"
        }
      ]
    },
    "script": "<audio src = \"https://s3-eu-west-1.amazonaws.com/runescape/audioassets/a01sc10_talk_to_cecilia_corr_op3.mp3\" />"
  },
  "the_story_choice_three_help": {
    "name": "the_story_choice_three_help",
    "action": {
      "type": "choice",
      "choices": [
        {
          "utterance": "yes",
          "nextNode": "sister_anna_cell"
        },
        {
          "utterance": "go to sister anna's cell",
          "nextNode": "sister_anna_cell"
        },
        {
          "utterance": "help",
          "nextNode": "the_story_choice_three_help"
        },
        {
          "utterance": "replay",
          "nextNode": "the_story"
        }
      ]
    },
    "script": "You can say \"go to Sister Anna’s cell\" or \"yes\"."
  },
  "the_story_choice_four": {
    "name": "the_story_choice_four",
    "action": {
      "type": "choice",
      "choices": [
        {
          "utterance": "go to infirmary",
          "nextNode": "travel_to_infirmary"
        },
        {
          "utterance": "yes",
          "nextNode": "travel_to_infirmary"
        },
        {
          "utterance": "help",
          "nextNode": "the_story_choice_four_help"
        },
        {
          "utterance": "replay",
          "nextNode": "the_story"
        }
      ]
    },
    "script": "<audio src = \"https://s3-eu-west-1.amazonaws.com/runescape/audioassets/a01sc10_talk_to_cecilia_corr_op4.mp3\" />"
  },
  "the_story_choice_four_help": {
    "name": "the_story_choice_four_help",
    "action": {
      "type": "choice",
      "choices": [
        {
          "utterance": "go to infirmary",
          "nextNode": "travel_to_infirmary"
        },
        {
          "utterance": "yes",
          "nextNode": "travel_to_infirmary"
        },
        {
          "utterance": "help",
          "nextNode": "the_story_choice_four_help"
        },
        {
          "utterance": "replay",
          "nextNode": "the_story"
        }
      ]
    },
    "script": "You can say \"go to the infirmary\" or say \"yes\"."
  },
  "the_musical_chords": {
    "name": "the_musical_chords",
    "action": {
      "type": "choice",
      "choices": [
        {
          "utterance": "the story",
          "nextNode": "the_story"
        },
        {
          "utterance": "yes",
          "nextNode": "the_story"
        },
        {
          "utterance": "help",
          "nextNode": "the_musical_chords_help"
        },
        {
          "utterance": "replay",
          "nextNode": "the_musical_chords"
        }
      ]
    },
    "script": "<audio src = \"https://s3-eu-west-1.amazonaws.com/runescape/audioassets/a01sc10_talk_to_cecilia_incorr.mp3\" />"
  },
  "the_musical_chords_help": {
    "name": "the_musical_chords_help",
    "action": {
      "type": "choice",
      "choices": [
        {
          "utterance": "yes",
          "nextNode": "the_story"
        },
        {
          "utterance": "the story",
          "nextNode": "the_story"
        },
        {
          "utterance": "help",
          "nextNode": "the_musical_chords_help"
        },
        {
          "utterance": "replay",
          "nextNode": "the_musical_chords"
        }
      ]
    },
    "script": "You can say \"ask about the story\" or \"yes\"."
  },
  "summing_up": {
    "name": "summing_up",
    "action": {
      "type": "choice",
      "choices": [
        {
          "utterance": "visit the camp",
          "nextNode": "go_to_valerio"
        },
        {
          "utterance": "go to the applicant room",
          "nextNode": "recruit_room"
        },
        {
          "utterance": "help",
          "nextNode": "summing_up_help"
        },
        {
          "utterance": "replay",
          "nextNode": "summing_up"
        }
      ]
    },
    "script": "<audio src = \"https://s3-eu-west-1.amazonaws.com/runescape/audioassets/a01sc11_sum_up.mp3\" />"
  },
  "summing_up_help": {
    "name": "summing_up_help",
    "action": {
      "type": "choice",
      "choices": [
        {
          "utterance": "visit the camp",
          "nextNode": "go_to_valerio"
        },
        {
          "utterance": "go to the applicant room",
          "nextNode": "recruit_room"
        },
        {
          "utterance": "help",
          "nextNode": "summing_up_help"
        },
        {
          "utterance": "replay",
          "nextNode": "summing_up"
        }
      ]
    },
    "script": "You can say \"visit the camp\" or \"go to the applicant’s room\"."
  },
  "go_to_valerio": {
    "name": "go_to_valerio",
    "action": {
      "type": "choice",
      "choices": [
        {
          "utterance": "reason for being here",
          "nextNode": "why_he_is_here"
        },
        {
          "utterance": "why is here",
          "nextNode": "why_he_is_here"
        },
        {
          "utterance": "what his life is like",
          "nextNode": "what_is_life_like"
        },
        {
          "utterance": "help",
          "nextNode": "go_to_valerio_help"
        },
        {
          "utterance": "replay",
          "nextNode": "go_to_valerio"
        }
      ]
    },
    "script": "<<set $talkToValerio = 1>>\n<audio src = \"https://s3-eu-west-1.amazonaws.com/runescape/audioassets/a01sc13_talk_to_valerio.mp3\" />"
  },
  "go_to_valerio_help": {
    "name": "go_to_valerio_help",
    "action": {
      "type": "choice",
      "choices": [
        {
          "utterance": "reason for being here",
          "nextNode": "why_he_is_here"
        },
        {
          "utterance": "why is here",
          "nextNode": "why_he_is_here"
        },
        {
          "utterance": "what his life is like",
          "nextNode": "what_is_life_like"
        },
        {
          "utterance": "help",
          "nextNode": "go_to_valerio_help"
        },
        {
          "utterance": "replay",
          "nextNode": "go_to_valerio"
        }
      ]
    },
    "script": "You can ask his reasons for being here or what his life is like."
  },
  "why_he_is_here": {
    "name": "why_he_is_here",
    "action": {
      "type": "end_game"
    },
    "script": "<audio src = \"https://s3-eu-west-1.amazonaws.com/runescape/audioassets/a01sc13_talk_to_valerio_corr.mp3\" />\n<<if $recruitRoom is 0>>\n[[why_he_is_here_choice_one]]\n<<else>>\n[[why_he_is_here_choice_two]]"
  },
  "why_he_is_here_choice_one": {
    "name": "why_he_is_here_choice_one",
    "action": {
      "type": "choice",
      "choices": [
        {
          "utterance": "yes",
          "nextNode": "recruit_room"
        },
        {
          "utterance": "go to applicant room",
          "nextNode": "recruit_room"
        },
        {
          "utterance": "help",
          "nextNode": "why_he_is_here_choice_one_help"
        },
        {
          "utterance": "replay",
          "nextNode": "go_to_valerio"
        }
      ]
    },
    "script": "ABBESS BENITA: Ah, Adventurer. Would you like to go to the applicant room now?"
  },
  "why_he_is_here_choice_one_help": {
    "name": "why_he_is_here_choice_one_help",
    "action": {
      "type": "choice",
      "choices": [
        {
          "utterance": "go to applicant room",
          "nextNode": "recruit_room"
        },
        {
          "utterance": "yes",
          "nextNode": "recruit_room"
        },
        {
          "utterance": "help",
          "nextNode": "why_he_is_here_choice_one_help"
        },
        {
          "utterance": "replay",
          "nextNode": "go_to_valerio"
        }
      ]
    },
    "script": "You can say \"go to the applicant's room\" or \"yes\"."
  },
  "why_he_is_here_choice_two": {
    "name": "why_he_is_here_choice_two",
    "action": {
      "type": "choice",
      "choices": [
        {
          "utterance": "go to clock tower",
          "nextNode": "clock_tower"
        },
        {
          "utterance": "yes",
          "nextNode": "clock_tower"
        },
        {
          "utterance": "help",
          "nextNode": "why_he_is_here_choice_two_help"
        },
        {
          "utterance": "replay",
          "nextNode": "go_to_valerio"
        }
      ]
    },
    "script": "ABBESS BENITA: Ah, Adventurer. Would you care to go to the clock tower?"
  },
  "why_he_is_here_choice_two_help": {
    "name": "why_he_is_here_choice_two_help",
    "action": {
      "type": "choice",
      "choices": [
        {
          "utterance": "go to clock tower",
          "nextNode": "clock_tower"
        },
        {
          "utterance": "yes",
          "nextNode": "clock_tower"
        },
        {
          "utterance": "help",
          "nextNode": "why_he_is_here_choice_two_help"
        },
        {
          "utterance": "replay",
          "nextNode": "go_to_valerio"
        }
      ]
    },
    "script": "You can say \"go to the clock tower\" or \"yes\"."
  },
  "recruit_room": {
    "name": "recruit_room",
    "action": {
      "type": "end_game"
    },
    "script": "<<set $recruitRoom = 1>>\n<audio src = \"https://s3-eu-west-1.amazonaws.com/runescape/audioassets/a01sc12_applicant_room.mp3\" />\n<<if $talkToValerio is 0>>\n[[recruit_room_choice_one]]\n<<else>>\n[[recruit_room_choice_two]]"
  },
  "recruit_room_choice_one": {
    "name": "recruit_room_choice_one",
    "action": {
      "type": "choice",
      "choices": [
        {
          "utterance": "visit the camp",
          "nextNode": "go_to_valerio"
        },
        {
          "utterance": "yes",
          "nextNode": "go_to_valerio"
        },
        {
          "utterance": "help",
          "nextNode": "recruit_room_choice_one_help"
        },
        {
          "utterance": "replay",
          "nextNode": "recruit_room"
        }
      ]
    },
    "script": "ABBESS BENITA: Would you like to visit the camp now?."
  },
  "recruit_room_choice_one_help": {
    "name": "recruit_room_choice_one_help",
    "action": {
      "type": "choice",
      "choices": [
        {
          "utterance": "visit the camp",
          "nextNode": "go_to_valerio"
        },
        {
          "utterance": "yes",
          "nextNode": "go_to_valerio"
        },
        {
          "utterance": "help",
          "nextNode": "recruit_room_choice_one_help"
        },
        {
          "utterance": "replay",
          "nextNode": "recruit_room"
        }
      ]
    },
    "script": "You can say \"visit the camp\" or \"yes\"."
  },
  "recruit_room_choice_two": {
    "name": "recruit_room_choice_two",
    "action": {
      "type": "choice",
      "choices": [
        {
          "utterance": "clock tower",
          "nextNode": "clock_tower"
        },
        {
          "utterance": "yes",
          "nextNode": "clock_tower"
        },
        {
          "utterance": "help",
          "nextNode": "recruit_room_choice_two_help"
        },
        {
          "utterance": "replay",
          "nextNode": "recruit_room"
        }
      ]
    },
    "script": "ABBESS BENITA: Would you like to go to the clock tower?"
  },
  "recruit_room_choice_two_help": {
    "name": "recruit_room_choice_two_help",
    "action": {
      "type": "choice",
      "choices": [
        {
          "utterance": "clock tower",
          "nextNode": "clock_tower"
        },
        {
          "utterance": "yes",
          "nextNode": "clock_tower"
        },
        {
          "utterance": "[help",
          "nextNode": "recruit_room_choice_two_help"
        },
        {
          "utterance": "replay",
          "nextNode": "recruit_room"
        }
      ]
    },
    "script": "You can say \"go to the clock tower\" or \"yes\"."
  },
  "what_is_life_like": {
    "name": "what_is_life_like",
    "action": {
      "type": "choice",
      "choices": [
        {
          "utterance": "reason for being here",
          "nextNode": "why_he_is_here"
        },
        {
          "utterance": "yes",
          "nextNode": "why_he_is_here"
        },
        {
          "utterance": "help",
          "nextNode": "what_is_life_like_help"
        },
        {
          "utterance": "replay",
          "nextNode": "what_is_life_like"
        }
      ]
    },
    "script": "<audio src = \"https://s3-eu-west-1.amazonaws.com/runescape/audioassets/a01sc13_talk_to_valerio_incorr.mp3\" />"
  },
  "what_is_life_like_help": {
    "name": "what_is_life_like_help",
    "action": {
      "type": "choice",
      "choices": [
        {
          "utterance": "yes",
          "nextNode": "why_he_is_here"
        },
        {
          "utterance": "reason for being here",
          "nextNode": "why_he_is_here"
        },
        {
          "utterance": "help",
          "nextNode": "what_is_life_like_help"
        },
        {
          "utterance": "replay",
          "nextNode": "what_is_life_like"
        }
      ]
    },
    "script": "You can say \"yes\" to ask why he's here."
  },
  "clock_tower": {
    "name": "clock_tower",
    "action": {
      "type": "choice",
      "choices": [
        {
          "utterance": "continue clock tower",
          "nextNode": "continue_clock_tower"
        },
        {
          "utterance": "talk to sister elena",
          "nextNode": "talk_to_sister_elena"
        },
        {
          "utterance": "help",
          "nextNode": "clock_tower_help"
        },
        {
          "utterance": "replay",
          "nextNode": "clock_tower"
        }
      ]
    },
    "script": "<audio src = \"https://s3-eu-west-1.amazonaws.com/runescape/audioassets/a01sc14_travel_to_tower.mp3\" />"
  },
  "clock_tower_help": {
    "name": "clock_tower_help",
    "action": {
      "type": "choice",
      "choices": [
        {
          "utterance": "continue clock tower",
          "nextNode": "continue_clock_tower"
        },
        {
          "utterance": "talk to sister elena",
          "nextNode": "talk_to_sister_elena"
        },
        {
          "utterance": "help",
          "nextNode": "clock_tower_help"
        },
        {
          "utterance": "replay",
          "nextNode": "clock_tower"
        }
      ]
    },
    "script": "You can go to the clock tower or talk to Sister Elena."
  },
  "talk_to_sister_elena": {
    "name": "talk_to_sister_elena",
    "action": {
      "type": "choice",
      "choices": [
        {
          "utterance": "sister anna",
          "nextNode": "ask_sister_anna"
        },
        {
          "utterance": "make cabbage soup",
          "nextNode": "make_cabbage_soup"
        },
        {
          "utterance": "help",
          "nextNode": "talk_to_sister_elena_help"
        },
        {
          "utterance": "replay",
          "nextNode": "talk_to_sister_elena"
        }
      ]
    },
    "script": "<<set $talkToElena = 1>>\n<audio src = \"https://s3-eu-west-1.amazonaws.com/runescape/audioassets/a01sc15_talk_to_elena.mp3\" />"
  },
  "talk_to_sister_elena_help": {
    "name": "talk_to_sister_elena_help",
    "action": {
      "type": "choice",
      "choices": [
        {
          "utterance": "sister anna",
          "nextNode": "ask_sister_anna"
        },
        {
          "utterance": "make cabbage soup",
          "nextNode": "make_cabbage_soup"
        },
        {
          "utterance": "help",
          "nextNode": "talk_to_sister_elena_help"
        },
        {
          "utterance": "replay",
          "nextNode": "talk_to_sister_elena"
        }
      ]
    },
    "script": "You can ask about Sister Anna or how to make cabbage soup?"
  },
  "ask_sister_anna": {
    "name": "ask_sister_anna",
    "action": {
      "type": "end_game"
    },
    "script": "<audio src = \"https://s3-eu-west-1.amazonaws.com/runescape/audioassets/a01sc15_talk_to_elena_corr.mp3\" />\n<<if $continueClockTower is 0>>\n[[ask_sister_anna_choice_one]]\n<<else>>\n[[meeting_with_the_abbess]]"
  },
  "ask_sister_anna_choice_one": {
    "name": "ask_sister_anna_choice_one",
    "action": {
      "type": "choice",
      "choices": [
        {
          "utterance": "continue the clock tower",
          "nextNode": "continue_clock_tower"
        },
        {
          "utterance": "yes",
          "nextNode": "continue_clock_tower"
        },
        {
          "utterance": "help",
          "nextNode": "ask_sister_anna_choice_one_help"
        },
        {
          "utterance": "replay",
          "nextNode": "ask_sister_anna"
        }
      ]
    },
    "script": "ABBESS BENITA: Would you like to continue to the clock tower."
  },
  "ask_sister_anna_choice_one_help": {
    "name": "ask_sister_anna_choice_one_help",
    "action": {
      "type": "choice",
      "choices": [
        {
          "utterance": "continue the clock tower",
          "nextNode": "continue_clock_tower"
        },
        {
          "utterance": "yes",
          "nextNode": "continue_clock_tower"
        },
        {
          "utterance": "help",
          "nextNode": "ask_sister_anna_choice_one_help"
        },
        {
          "utterance": "replay",
          "nextNode": "ask_sister_anna"
        }
      ]
    },
    "script": "You can say yes to continue to the clock tower."
  },
  "make_cabbage_soup": {
    "name": "make_cabbage_soup",
    "action": {
      "type": "choice",
      "choices": [
        {
          "utterance": "ask about sister anna",
          "nextNode": "ask_sister_anna"
        },
        {
          "utterance": "help",
          "nextNode": "make_cabbage_soup_help"
        },
        {
          "utterance": "yes",
          "nextNode": "ask_sister_anna"
        },
        {
          "utterance": "replay",
          "nextNode": "make_cabbage_soup"
        }
      ]
    },
    "script": "<audio src = \"https://s3-eu-west-1.amazonaws.com/runescape/audioassets/a01sc15_talk_to_elena_incorr.mp3\" />"
  },
  "make_cabbage_soup_help": {
    "name": "make_cabbage_soup_help",
    "action": {
      "type": "choice",
      "choices": [
        {
          "utterance": "ask about sister anna",
          "nextNode": "ask_sister_anna"
        },
        {
          "utterance": "help",
          "nextNode": "make_cabbage_soup_help"
        },
        {
          "utterance": "replay",
          "nextNode": "make_cabbage_soup"
        }
      ]
    },
    "script": "You can say \"yes\" to ask about Sister Anna."
  },
  "continue_clock_tower": {
    "name": "continue_clock_tower",
    "action": {
      "type": "choice",
      "choices": [
        {
          "utterance": "use the lever",
          "nextNode": "use_the_lever"
        },
        {
          "utterance": "claim heard the sound",
          "nextNode": "say_done"
        },
        {
          "utterance": "help",
          "nextNode": "continue_clock_tower_help"
        },
        {
          "utterance": "replay",
          "nextNode": "continue_clock_tower"
        }
      ]
    },
    "script": "<<set $continueClockTower = 1>>\n<audio src = \"https://s3-eu-west-1.amazonaws.com/runescape/audioassets/a01sc16_clock_tower.mp3\" />"
  },
  "continue_clock_tower_help": {
    "name": "continue_clock_tower_help",
    "action": {
      "type": "choice",
      "choices": [
        {
          "utterance": "use the lever",
          "nextNode": "use_the_lever"
        },
        {
          "utterance": "say heard the sound",
          "nextNode": "say_done"
        },
        {
          "utterance": "help",
          "nextNode": "continue_clock_tower_help"
        },
        {
          "utterance": "replay",
          "nextNode": "continue_clock_tower"
        }
      ]
    },
    "script": "You can use the lever or say you heard the sound?"
  },
  "say_done": {
    "name": "say_done",
    "action": {
      "type": "choice",
      "choices": [
        {
          "utterance": "use the lever",
          "nextNode": "use_the_lever"
        },
        {
          "utterance": "say heard the sound",
          "nextNode": "say_done"
        },
        {
          "utterance": "help",
          "nextNode": "say_done_help"
        },
        {
          "utterance": "replay",
          "nextNode": "say_done"
        }
      ]
    },
    "script": "<audio src = \"https://s3-eu-west-1.amazonaws.com/runescape/audioassets/a01sc16_clock_tower_not_done.mp3\" />"
  },
  "say_done_help": {
    "name": "say_done_help",
    "action": {
      "type": "choice",
      "choices": [
        {
          "utterance": "use the lever",
          "nextNode": "use_the_lever"
        },
        {
          "utterance": "claim heard the sound",
          "nextNode": "say_done"
        },
        {
          "utterance": "help",
          "nextNode": "say_done_help"
        },
        {
          "utterance": "replay",
          "nextNode": "say_done"
        }
      ]
    },
    "script": "You can use the lever or say you heard the sound?"
  },
  "use_the_lever": {
    "name": "use_the_lever",
    "action": {
      "type": "choice",
      "choices": [
        {
          "utterance": "use the lever",
          "nextNode": "use_the_lever"
        },
        {
          "utterance": "claim heard the sound",
          "nextNode": "talk_to_sister_debora"
        },
        {
          "utterance": "help",
          "nextNode": "use_the_lever_help"
        },
        {
          "utterance": "replay",
          "nextNode": "use_the_lever"
        }
      ]
    },
    "script": "Pulling the lever, the cogs suddenly start to turn… Do you use the lever or say you heard the sound?"
  },
  "use_the_lever_help": {
    "name": "use_the_lever_help",
    "action": {
      "type": "choice",
      "choices": [
        {
          "utterance": "use the lever",
          "nextNode": "use_the_lever"
        },
        {
          "utterance": "claim heard the sound",
          "nextNode": "talk_to_sister_debora"
        },
        {
          "utterance": "help",
          "nextNode": "use_the_lever_help"
        },
        {
          "utterance": "replay",
          "nextNode": "use_the_lever"
        }
      ]
    },
    "script": "Do you use the lever or claim you heard the sound?"
  },
  "talk_to_sister_debora": {
    "name": "talk_to_sister_debora",
    "action": {
      "type": "choice",
      "choices": [
        {
          "utterance": "her cryptic response",
          "nextNode": "her_cryptic_response"
        },
        {
          "utterance": "what she did before abbey",
          "nextNode": "what_she_did_before_abbey"
        },
        {
          "utterance": "help",
          "nextNode": "talk_to_sister_debora_help"
        },
        {
          "utterance": "replay",
          "nextNode": "talk_to_sister_debora"
        }
      ]
    },
    "script": "<audio src = \"https://s3-eu-west-1.amazonaws.com/runescape/audioassets/a01sc17_talk_to_debora.mp3\" />"
  },
  "talk_to_sister_debora_help": {
    "name": "talk_to_sister_debora_help",
    "action": {
      "type": "choice",
      "choices": [
        {
          "utterance": "her cryptic response",
          "nextNode": "her_cryptic_response"
        },
        {
          "utterance": "what she did before abbey",
          "nextNode": "what_she_did_before_abbey"
        },
        {
          "utterance": "help",
          "nextNode": "talk_to_sister_debora_help"
        },
        {
          "utterance": "replay",
          "nextNode": "talk_to_sister_debora"
        }
      ]
    },
    "script": "You can ask about her cryptic response or her life before the abbey."
  },
  "her_cryptic_response": {
    "name": "her_cryptic_response",
    "action": {
      "type": "end_game"
    },
    "script": "<audio src = \"https://s3-eu-west-1.amazonaws.com/runescape/audioassets/a01sc17_talk_to_debora_corr.mp3\" />\n<<if $talkToElena is 0>>\n[[her_cryptic_response_choice_one]]\n<<else>>\n[[meeting_with_the_abbess]]"
  },
  "her_cryptic_response_choice_one": {
    "name": "her_cryptic_response_choice_one",
    "action": {
      "type": "choice",
      "choices": [
        {
          "utterance": "talk to sister elena",
          "nextNode": "talk_to_sister_elena"
        },
        {
          "utterance": "yes",
          "nextNode": "talk_to_sister_elena"
        },
        {
          "utterance": "help",
          "nextNode": "her_cryptic_response_choice_one_help"
        },
        {
          "utterance": "replay",
          "nextNode": "her_cryptic_response"
        }
      ]
    },
    "script": "ABBESS BENITA: Would you care to speak to Sister Elena."
  },
  "her_cryptic_response_choice_one_help": {
    "name": "her_cryptic_response_choice_one_help",
    "action": {
      "type": "choice",
      "choices": [
        {
          "utterance": "talk to sister elena",
          "nextNode": "talk_to_sister_elena"
        },
        {
          "utterance": "yes",
          "nextNode": "talk_to_sister_elena"
        },
        {
          "utterance": "help",
          "nextNode": "her_cryptic_response_choice_one_help"
        },
        {
          "utterance": "replay",
          "nextNode": "her_cryptic_response"
        }
      ]
    },
    "script": "You can say \"yes\" to talk to Sister Elena."
  },
  "what_she_did_before_abbey": {
    "name": "what_she_did_before_abbey",
    "action": {
      "type": "choice",
      "choices": [
        {
          "utterance": "her cryptic response",
          "nextNode": "her_cryptic_response"
        },
        {
          "utterance": "yes",
          "nextNode": "her_cryptic_response"
        },
        {
          "utterance": "help",
          "nextNode": "what_she_did_before_abbey_help"
        },
        {
          "utterance": "replay",
          "nextNode": "what_she_did_before_abbey"
        }
      ]
    },
    "script": "<audio src = \"https://s3-eu-west-1.amazonaws.com/runescape/audioassets/a01sc17_talk_to_debora_incorr.mp3\" />"
  },
  "what_she_did_before_abbey_help": {
    "name": "what_she_did_before_abbey_help",
    "action": {
      "type": "choice",
      "choices": [
        {
          "utterance": "her cryptic response",
          "nextNode": "her_cryptic_response"
        },
        {
          "utterance": "yes",
          "nextNode": "her_cryptic_response"
        },
        {
          "utterance": "help",
          "nextNode": "what_she_did_before_abbey_help"
        },
        {
          "utterance": "replay",
          "nextNode": "what_she_did_before_abbey"
        }
      ]
    },
    "script": "You can say \"yes\" to ask about her cryptic response."
  },
  "meeting_with_the_abbess": {
    "name": "meeting_with_the_abbess",
    "action": {
      "type": "choice",
      "choices": [
        {
          "utterance": "one of the sisters",
          "nextNode": "one_of_the_sisters"
        },
        {
          "utterance": "someone else",
          "nextNode": "end"
        },
        {
          "utterance": "i am not sure",
          "nextNode": "end"
        },
        {
          "utterance": "valerio",
          "nextNode": "end"
        },
        {
          "utterance": "help",
          "nextNode": "meeting_with_the_abbess_help"
        },
        {
          "utterance": "replay",
          "nextNode": "meeting_with_the_abbess"
        }
      ]
    },
    "script": "<audio src = \"https://s3-eu-west-1.amazonaws.com/runescape/audioassets/a01sc18_meet_with_abbess.mp3\" />"
  },
  "meeting_with_the_abbess_help": {
    "name": "meeting_with_the_abbess_help",
    "action": {
      "type": "choice",
      "choices": [
        {
          "utterance": "one of the sisters",
          "nextNode": "one_of_the_sisters"
        },
        {
          "utterance": "someone else",
          "nextNode": "end"
        },
        {
          "utterance": "i am not sure",
          "nextNode": "end"
        },
        {
          "utterance": "help",
          "nextNode": "meeting_with_the_abbess_help"
        },
        {
          "utterance": "replay",
          "nextNode": "meeting_with_the_abbess"
        }
      ]
    },
    "script": "Is it one of the sisters, Valerio or are you not sure?"
  },
  "one_of_the_sisters": {
    "name": "one_of_the_sisters",
    "action": {
      "type": "choice",
      "choices": [
        {
          "utterance": "sister catherina",
          "nextNode": "end"
        },
        {
          "utterance": "sister cecilia",
          "nextNode": "end"
        },
        {
          "utterance": "sister deborah",
          "nextNode": "end"
        },
        {
          "utterance": "sister elena",
          "nextNode": "end"
        },
        {
          "utterance": "help",
          "nextNode": "one_of_the_sisters_help"
        },
        {
          "utterance": "replay",
          "nextNode": "one_of_the_sisters"
        }
      ]
    },
    "script": "<audio src = \"https://s3-eu-west-1.amazonaws.com/runescape/audioassets/a01sc18_meet_with_abbess_reply_sisters.mp3\" />"
  },
  "one_of_the_sisters_help": {
    "name": "one_of_the_sisters_help",
    "action": {
      "type": "choice",
      "choices": [
        {
          "utterance": "sister catherina",
          "nextNode": "end"
        },
        {
          "utterance": "sister cecilia",
          "nextNode": "end"
        },
        {
          "utterance": "sister deborah",
          "nextNode": "end"
        },
        {
          "utterance": "sister elena",
          "nextNode": "end"
        },
        {
          "utterance": "help",
          "nextNode": "one_of_the_sisters_help"
        },
        {
          "utterance": "replay",
          "nextNode": "one_of_the_sisters"
        }
      ]
    },
    "script": "Do you suspect Catherina, Cecilia, Debora or Elena?"
  },
  "end": {
    "name": "end",
    "action": {
      "type": "end_game"
    },
    "script": "<audio src = \"https://s3-eu-west-1.amazonaws.com/runescape/audioassets/a01sc18_meet_with_abbess_reply_sisters.mp3\" />"
  }
}